0.000000,-10.000000,-20.000000,-30.000000,-40.000000,-50.000000,-60.000000,-70.000000,-80.000000,-90.000000,
3.036380,-6.996822,-16.999727,-26.999977,-36.999996,-47.000000,-57.000000,-67.000000,-77.000000,-87.000000,
6.145520,-3.984477,-13.998415,-23.999842,-33.999981,-44.000000,-54.000000,-64.000000,-74.000000,-84.000000,
9.327420,-0.957491,-10.994893,-20.999416,-30.999931,-40.999996,-51.000000,-61.000000,-71.000000,-81.000000,
12.582080,2.089138,-7.987661,-17.998404,-27.999800,-37.999981,-47.999996,-58.000000,-68.000000,-78.000000,
15.909500,5.159980,-4.974954,-14.996385,-24.999506,-34.999939,-44.999992,-55.000000,-65.000000,-75.000000,
19.309681,8.259216,-1.954799,-11.992805,-21.998930,-31.999853,-41.999981,-52.000000,-62.000000,-72.000000,
22.782621,11.390663,1.074934,-8.986974,-18.997900,-28.999685,-38.999954,-48.999996,-59.000000,-69.000000,
26.328321,14.557812,4.116495,-5.978068,-15.996193,-25.999386,-35.999905,-45.999989,-56.000000,-66.000000,
29.946781,17.763851,7.172212,-2.965133,-12.993520,-22.998880,-32.999817,-42.999973,-52.999996,-63.000000,
33.638000,21.011696,10.244465,0.052907,-9.989524,-19.998075,-29.999666,-39.999947,-49.999992,-60.000000,
37.401981,24.304010,13.335658,3.077244,-6.983777,-16.996845,-26.999424,-36.999901,-46.999985,-57.000000,
41.238720,27.643230,16.448198,6.109172,-3.975777,-13.995032,-23.999046,-33.999828,-43.999969,-53.999996,
45.148220,31.031580,19.584478,9.150082,-0.964944,-10.992443,-20.998478,-30.999712,-40.999947,-50.999992,
49.130482,34.471096,22.746857,12.201446,2.049377,-7.988844,-17.997648,-27.999535,-37.999912,-47.999985,
53.185501,37.963634,25.937653,15.264811,5.067919,-4.983959,-14.996469,-24.999271,-34.999855,-44.999973,
57.313282,41.510895,29.159128,18.341784,8.091491,-1.977465,-11.994834,-21.998890,-31.999771,-41.999958,
61.513821,45.114429,32.413486,21.434025,11.120973,1.031007,-8.992610,-18.998350,-28.999649,-38.999931,
65.750740,48.772476,35.702591,24.543209,14.157314,4.041878,-5.989642,-15.997601,-25.999472,-35.999893,
69.987663,52.480347,39.027737,27.670980,17.201525,7.055618,-2.985746,-12.996580,-22.999222,-32.999836,
74.224586,56.233753,42.389744,30.818913,20.254663,10.072749,0.019289,-9.995214,-19.998877,-29.999754,
78.461510,60.028774,45.789021,33.988476,23.317822,13.093842,3.025705,-6.993414,-16.998405,-26.999638,
82.698433,63.861828,49.225632,37.181026,26.392117,16.119513,6.033779,-3.991073,-13.997774,-23.999477,
86.935356,67.729645,52.699356,40.397778,29.478672,19.150425,9.043818,-0.988070,-10.996939,-20.999260,
91.172279,71.629227,56.209732,43.639801,32.578609,22.187277,12.056166,2.015737,-7.995847,-17.998966,
95.409203,75.557846,59.756107,46.908016,35.693031,25.230806,15.071197,5.020511,-4.994439,-14.998577,
99.646126,79.513000,63.337666,50.203201,38.823009,28.281776,18.089321,8.026433,-1.992642,-11.998067,
103.883049,83.492401,66.953468,53.525982,41.969582,31.340975,21.110981,11.033710,1.009627,-8.997405,
108.119972,87.493973,70.602470,56.876839,45.133736,34.409206,24.136648,14.042569,4.012463,-5.996556,
112.356895,91.515800,74.283562,60.256119,48.316406,37.487289,27.166828,17.053263,7.015975,-2.995478,
116.593819,95.556137,77.995575,63.664036,51.518463,40.576042,30.202049,20.066069,10.020288,0.005878,
120.830742,99.613396,81.737297,67.100685,54.740711,43.676285,33.242867,23.081285,13.025538,3.007569,
125.067665,103.686119,85.507507,70.566040,57.983883,46.788830,36.289856,26.099236,16.031883,6.009661,
129.304581,107.772972,89.304977,74.059982,61.248638,49.914474,39.343616,29.120268,19.039492,9.012228,
133.541504,111.872742,93.128464,77.582291,64.535561,53.054001,42.404758,32.144753,22.048552,12.015353,
137.778427,115.984314,96.976746,81.132652,67.845161,56.208164,45.473907,35.173080,25.059271,15.019133,
142.015350,120.106674,100.848618,84.710686,71.177864,59.377693,48.551697,38.205666,28.071873,18.023670,
146.252274,124.238899,104.742897,88.315941,74.534027,62.563286,51.638763,41.242939,31.086597,21.029085,
150.489197,128.380127,108.658432,91.947899,77.913925,65.765602,54.735748,44.285355,34.103706,24.035507,
154.726120,132.529602,112.594101,95.605995,81.317764,68.985268,57.843292,47.333374,37.123474,27.043077,
158.963043,136.686600,116.548820,99.289619,84.745689,72.222855,60.962029,50.387482,40.146198,30.051952,
163.199966,140.850479,120.521538,102.998131,88.197762,75.478905,64.092583,53.448170,43.172192,33.062302,
167.436890,145.020645,124.511253,106.730843,91.673988,78.753899,67.235573,56.515942,46.201778,36.074306,
171.673813,149.196548,128.516998,110.487053,95.174309,82.048286,70.391594,59.591309,49.235306,39.088161,
175.910736,153.377701,132.537842,114.266037,98.698616,85.362465,73.561226,62.674786,52.273132,42.104080,
180.147659,157.563660,136.572891,118.067062,102.246742,88.696777,76.745033,65.766899,55.315632,45.122288,
184.384583,161.753998,140.621307,121.889381,105.818466,92.051529,79.943550,68.868172,58.363190,48.143021,
188.621506,165.948349,144.682281,125.732239,109.413528,95.426964,83.157295,71.979126,61.416203,51.166531,
192.858429,170.146362,148.755051,129.594879,113.031624,98.823280,86.386757,75.100281,64.475082,54.193085,
197.095352,174.347733,152.838882,133.476563,116.672401,102.240639,89.632385,78.232147,67.540245,57.222961,
201.332275,178.552155,156.933105,137.376541,120.335487,105.679146,92.894615,81.375237,70.612114,60.256454,
205.569199,182.759384,161.037048,141.294067,124.020477,109.138870,96.173843,84.530037,73.691116,63.293865,
209.806122,186.969162,165.150101,145.228424,127.726929,112.619827,99.470436,87.697044,76.777695,66.335510,
214.043045,191.181274,169.271683,149.178894,131.454376,116.122002,102.784721,90.876724,79.872284,69.381706,
218.279968,195.395523,173.401230,153.144775,135.202347,119.645332,106.116997,94.069542,82.975334,72.432800,
222.516891,199.611725,177.538239,157.125397,138.970352,123.189720,109.467529,97.275932,86.087273,75.489128,
226.753815,203.829712,181.682220,161.120071,142.757858,126.755035,112.836548,100.496323,89.208549,78.551048,
230.990738,208.049332,185.832718,165.128159,146.564346,130.341110,116.224251,103.731110,92.339592,81.618919,
235.227661,212.270432,189.989288,169.149033,150.389297,133.947739,119.630798,106.980682,95.480843,84.693100,
239.464584,216.492889,194.151535,173.182068,154.232147,137.574707,123.056313,110.245399,98.632713,87.773972,
243.701508,220.716599,198.319061,177.226685,158.092361,141.221741,126.500893,113.525597,101.795631,90.861900,
247.938431,224.941452,202.491531,181.282303,161.969391,144.888580,129.964600,116.821587,104.970001,93.957275,
252.175354,229.167343,206.668594,185.348373,165.862701,148.574905,133.447464,120.133659,108.156227,97.060471,
256.412262,233.394180,210.849945,189.424362,169.771729,152.280396,136.949493,123.462082,111.354691,100.171860,
260.649170,237.621887,215.035278,193.509766,173.695938,156.004715,140.470657,126.807098,114.565765,103.291832,
264.886078,241.850388,219.224335,197.604080,177.634796,159.747498,144.010895,130.168915,117.789818,106.420761,
269.122986,246.079605,223.416840,201.706848,181.587753,163.508377,147.570129,133.547714,121.027191,109.559021,
273.359894,250.309494,227.612564,205.817627,185.554291,167.286957,151.148239,136.943680,124.278214,112.706985,
277.596802,254.539978,231.811279,209.935974,189.533905,171.082840,154.745087,140.356934,127.543198,115.865021,
281.833710,258.771027,236.012772,214.061478,193.526077,174.895615,158.360519,143.787582,130.822433,119.033493,
286.070618,263.002563,240.216858,218.193741,197.530304,178.724869,161.994354,147.235718,134.116211,122.212746,
290.307526,267.234589,244.423340,222.332397,201.546097,182.570175,165.646393,150.701401,137.424789,125.403130,
294.544434,271.467010,248.632065,226.477081,205.572983,186.431107,169.316406,154.184677,140.748398,128.604980,
298.781342,275.699829,252.842865,230.627457,209.610504,190.307236,173.004166,157.685547,144.087265,131.818619,
303.018250,279.933014,257.055573,234.783203,213.658188,194.198135,176.709412,161.204010,147.441589,135.044373,
307.255157,284.166504,261.270081,238.944000,217.715607,198.103363,180.431870,164.740036,150.811554,138.282532,
311.492065,288.400299,265.486237,243.109558,221.782333,202.022491,184.171249,168.293564,154.197311,141.533401,
315.728973,292.634369,269.703949,247.279617,225.857956,205.955093,187.927261,171.864517,157.599014,144.797256,
319.965881,296.868683,273.923096,251.453888,229.942078,209.900742,191.699600,175.452805,161.016769,148.074356,
324.202789,301.103210,278.143555,255.632141,234.034302,213.858994,195.487930,179.058304,164.450684,151.364944,
328.439697,305.337952,282.365234,259.814117,238.134247,217.829437,199.291946,182.680893,167.900848,154.669266,
332.676605,309.572876,286.588074,263.999634,242.241562,221.811661,203.111298,186.320419,171.367310,157.987549,
336.913513,313.807983,290.811951,268.188446,246.355881,225.805267,206.945648,189.976715,174.850098,161.319992,
341.150421,318.043243,295.036804,272.380371,250.476883,229.809830,210.794647,193.649597,178.349258,164.666779,
345.387329,322.278625,299.262573,276.575195,254.604233,233.824966,214.657944,197.338867,181.864777,168.028091,
349.624237,326.514160,303.489197,280.772766,258.737640,237.850281,218.535187,201.044312,185.396637,171.404083,
353.861145,330.749817,307.716583,284.972900,262.876770,241.885391,222.426010,204.765717,188.944809,174.794891,
358.098053,334.985565,311.944702,289.175446,267.021362,245.929932,226.330063,208.502838,192.509247,178.200653,
362.334961,339.221436,316.173492,293.380249,271.171143,249.983521,230.246994,212.255432,196.089874,181.621460,
366.571869,343.457397,320.402893,297.587158,275.325836,254.045807,234.176437,216.023254,199.686615,185.057404,
370.808777,347.693420,324.632843,301.796051,279.485199,258.116455,238.118027,219.806030,203.299377,188.508575,
375.045685,351.929535,328.863342,306.006805,283.648987,262.195129,242.071411,223.603485,206.928024,191.975021,
379.282593,356.165710,333.094330,310.219299,287.816956,266.281494,246.036240,227.415344,210.572449,195.456787,
383.519501,360.401947,337.325775,314.433411,291.988892,270.375214,250.012161,231.241333,214.232498,198.953888,
387.756409,364.638245,341.557617,318.649048,296.164612,274.475983,253.998840,235.081146,217.908020,202.466354,
391.993317,368.874603,345.789856,322.866119,300.343872,278.583527,257.995911,238.934494,221.598846,205.994171,
396.230225,373.110992,350.022461,327.084534,304.526520,282.697510,262.003052,242.801086,225.304794,209.537323,
400.467133,377.347443,354.255402,331.304199,308.712341,286.817688,266.019928,246.680603,229.025681,213.095764,
404.704041,381.583923,358.488647,335.525024,312.901184,290.943787,270.046204,250.572754,232.761307,216.669464,
408.940948,385.820435,362.722168,339.746948,317.092865,295.075531,274.081543,254.477234,236.511475,220.258347,
413.177856,390.057007,366.955963,343.969879,321.287231,299.212646,278.125641,258.393738,240.275955,223.862350,
417.414764,394.293610,371.189972,348.193787,325.484161,303.354919,282.178192,262.321930,244.054535,227.481369,
421.651672,398.530243,375.424225,352.418579,329.683472,307.502106,286.238892,266.261536,247.846970,231.115311,
425.888580,402.766876,379.658691,356.644196,333.885040,311.653961,290.307434,270.212250,251.653030,234.764069,
430.125488,407.003540,383.893341,360.870605,338.088745,315.810303,294.383545,274.173737,255.472458,238.427521,
434.362396,411.240234,388.128174,365.097717,342.294464,319.970886,298.466919,278.145721,259.305023,242.105530,
438.599304,415.476929,392.363159,369.325531,346.502106,324.135529,302.557281,282.127899,263.150452,245.797943,
442.836212,419.713654,396.598297,373.553955,350.711517,328.304016,306.654358,286.119965,267.008514,249.504623,
447.073120,423.950409,400.833557,377.782990,354.922638,332.476166,310.757904,290.121613,270.878937,253.225388,
451.310028,428.187164,405.068970,382.012573,359.135345,336.651794,314.867645,294.132568,274.761444,256.960083,
455.546936,432.423950,409.304474,386.242645,363.349548,340.830750,318.983368,298.152557,278.655792,260.708527,
459.783844,436.660736,413.540100,390.473206,367.565155,345.012878,323.104797,302.181274,282.561707,264.470520,
464.020752,440.897522,417.775818,394.704224,371.782074,349.197998,327.231689,306.218445,286.478912,268.245850,
468.257660,445.134338,422.011627,398.935638,376.000244,353.385956,331.363861,310.263794,290.407135,272.034363,
472.494568,449.371155,426.247528,403.167450,380.219604,357.576599,335.501068,314.317047,294.346130,275.835815,
476.731476,453.607971,430.483521,407.399628,384.440063,361.769836,339.643097,318.377930,298.295624,279.650024,
480.968384,457.844818,434.719574,411.632141,388.661560,365.965485,343.789734,322.446198,302.255341,283.476746,
485.205292,462.081665,438.955688,415.864960,392.884033,370.163452,347.940796,326.521576,306.225006,287.315765,
489.442200,466.318512,443.191864,420.098053,397.107422,374.363617,352.096069,330.603851,310.204376,291.166870,
493.679108,470.555359,447.428101,424.331421,401.331665,378.565826,356.255402,334.692749,314.193176,295.029816,
497.916016,474.792206,451.664398,428.565033,405.556702,382.770020,360.418579,338.788055,318.191132,298.904388,
502.152924,479.029083,455.900757,432.798889,409.782501,386.976074,364.585449,342.889496,322.197998,302.790344,
506.389832,483.265961,460.137146,437.032959,414.009003,391.183899,368.755829,346.996887,326.213501,306.687439,
510.626740,487.502838,464.373566,441.267242,418.236176,395.393372,372.929596,351.109985,330.237427,310.595459,
514.863647,491.739716,468.610046,445.501709,422.463989,399.604431,377.106567,355.228577,334.269501,314.514160,
519.100586,495.976593,472.846558,449.736359,426.692383,403.816986,381.286591,359.352448,338.309479,318.443298,
523.337524,500.213470,477.083099,453.971161,430.921326,408.030945,385.469543,363.481415,342.357117,322.382629,
527.574463,504.450348,481.319672,458.206116,435.150787,412.246246,389.655273,367.615265,346.412170,326.331909,
531.811401,508.687225,485.556274,462.441223,439.380737,416.462799,393.843658,371.753815,350.474396,330.290924,
536.048340,512.924133,489.792908,466.676453,443.611145,420.680542,398.034576,375.896881,354.543579,334.259430,
540.285278,517.161011,494.029541,470.911804,447.841980,424.899414,402.227905,380.044250,358.619507,338.237183,
544.522217,521.397888,498.266205,475.147278,452.073212,429.119354,406.423523,384.195770,362.701935,342.223938,
548.759155,525.634766,502.502899,479.382843,456.304810,433.340302,410.621307,388.351288,366.790649,346.219452,
552.996094,529.871643,506.739594,483.618500,460.536774,437.562195,414.821167,392.510620,370.885437,350.223511,
557.233032,534.108521,510.976318,487.854248,464.769043,441.784973,419.023010,396.673615,374.986115,354.235901,
561.469971,538.345398,515.213074,492.090088,469.001617,446.008606,423.226715,400.840118,379.092438,358.256378,
565.706909,542.582275,519.449829,496.326019,473.234497,450.233032,427.432220,405.009979,383.204224,362.284698,
569.943848,546.819153,523.686584,500.562012,477.467651,454.458221,431.639404,409.183044,387.321289,366.320679,
574.180786,551.056091,527.923340,504.798065,481.701050,458.684113,435.848206,413.359192,391.443451,370.364075,
578.417725,555.293030,532.160156,509.034180,485.934692,462.910675,440.058533,417.538269,395.570496,374.414673,
582.654663,559.529968,536.396973,513.270386,490.168549,467.137848,444.270325,421.720154,399.702271,378.472260,
586.891602,563.766907,540.633789,517.506653,494.402618,471.365631,448.483490,425.904755,403.838593,382.536621,
591.128540,568.003845,544.870605,521.742920,498.636871,475.593964,452.697937,430.091919,407.979279,386.607544,
595.365479,572.240784,549.107422,525.979248,502.871307,479.822815,456.913635,434.281525,412.124176,390.684845,
599.602417,576.477722,553.344238,530.215637,507.105896,484.052155,461.130524,438.473480,416.273132,394.768311,
603.839355,580.714661,557.581055,534.452026,511.340637,488.281952,465.348511,442.667694,420.425995,398.857758,
608.076294,584.951599,561.817871,538.688477,515.575562,492.512207,469.567566,446.864044,424.582581,402.952972,
612.313232,589.188538,566.054749,542.924988,519.810608,496.742859,473.787598,451.062408,428.742767,407.053772,
616.550171,593.425476,570.291626,547.161499,524.045776,500.973907,478.008575,455.262726,432.906403,411.159973,
620.787109,597.662415,574.528503,551.398071,528.281067,505.205322,482.230469,459.464905,437.073364,415.271423,
625.024048,601.899353,578.765381,555.634644,532.516479,509.437073,486.453217,463.668854,441.243500,419.387909,
629.260986,606.136292,583.002258,559.871216,536.751953,513.669128,490.676758,467.874481,445.416687,423.509277,
633.497925,610.373230,587.239136,564.107849,540.987549,517.901489,494.901062,472.081726,449.592804,427.635376,
637.734863,614.610168,591.476013,568.344482,545.223206,522.134155,499.126099,476.290497,453.771729,431.766022,
641.971802,618.847107,595.712891,572.581177,549.458984,526.367065,503.351807,480.500732,457.953369,435.901062,
646.208740,623.084045,599.949768,576.817871,553.694824,530.600220,507.578156,484.712341,462.137573,440.040314,
650.445679,627.320984,604.186646,581.054565,557.930725,534.833618,511.805115,488.925293,466.324249,444.183655,
654.682617,631.557922,608.423523,585.291260,562.166687,539.067261,516.032654,493.139496,470.513306,448.330933,
658.919556,635.794861,612.660400,589.528015,566.402771,543.301086,520.260742,497.354889,474.704620,452.481995,
663.156494,640.031799,616.897278,593.764771,570.638916,547.535156,524.489319,501.571411,478.898102,456.636719,
667.393433,644.268738,621.134155,598.001526,574.875061,551.769409,528.718384,505.789001,483.093658,460.794952,
671.630371,648.505676,625.371033,602.238281,579.111267,556.003784,532.947937,510.007629,487.291199,464.956573,
675.867310,652.742615,629.607910,606.475037,583.347534,560.238342,537.177917,514.227234,491.490662,469.121460,
680.104248,656.979553,633.844788,610.711853,587.583862,564.473022,541.408264,518.447754,495.691925,473.289459,
684.341187,661.216492,638.081665,614.948669,591.820190,568.707886,545.639038,522.669189,499.894928,477.460480,
688.578125,665.453430,642.318542,619.185486,596.056580,572.942871,549.870178,526.891418,504.099579,481.634399,
692.815063,669.690369,646.555420,623.422302,600.293030,577.177979,554.101624,531.114441,508.305817,485.811096,
697.052002,673.927307,650.792297,627.659119,604.529480,581.413208,558.333435,535.338257,512.513550,489.990448,
701.288940,678.164246,655.029236,631.895935,608.765991,585.648560,562.565552,539.562744,516.722717,494.172394,
705.525879,682.401184,659.266174,636.132751,613.002502,589.883972,566.797913,543.787903,520.933289,498.356781,
709.762817,686.638123,663.503113,640.369629,617.239075,594.119507,571.030579,548.013733,525.145142,502.543549,
713.999756,690.875061,667.740051,644.606506,621.475647,598.355103,575.263489,552.240173,529.358276,506.732574,
718.236694,695.112000,671.976990,648.843384,625.712280,602.590820,579.496643,556.467163,533.572632,510.923798,
722.473633,699.348938,676.213928,653.080261,629.948914,606.826599,583.730042,560.694702,537.788086,515.117065,
726.710571,703.585876,680.450867,657.317139,634.185547,611.062439,587.963623,564.922791,542.004639,519.312378,
730.947510,707.822815,684.687805,661.554016,638.422241,615.298401,592.197388,569.151367,546.222229,523.509583,
735.184448,712.059753,688.924744,665.790894,642.658936,619.534424,596.431396,573.380432,550.440796,527.708618,
739.421387,716.296692,693.161682,670.027771,646.895630,623.770508,600.665527,577.609924,554.660339,531.909424,
743.658325,720.533630,697.398621,674.264648,651.132324,628.006592,604.899841,581.839844,558.880737,536.111938,
747.895264,724.770569,701.635559,678.501526,655.369080,632.242737,609.134338,586.070129,563.101990,540.316040,
752.132202,729.007507,705.872498,682.738403,659.605835,636.478943,613.368958,590.300781,567.324036,544.521729,
756.369141,733.244446,710.109436,686.975281,663.842590,640.715210,617.603760,594.531799,571.546875,548.728882,
760.606079,737.481384,714.346375,691.212158,668.079346,644.951538,621.838684,598.763184,575.770447,552.937439,
764.843018,741.718323,718.583313,695.449036,672.316101,649.187866,626.073730,602.994873,579.994690,557.147339,
769.079956,745.955261,722.820251,699.685913,676.552917,653.424255,630.308899,607.226868,584.219604,561.358521,
773.316895,750.192200,727.057190,703.922791,680.789734,657.660706,634.544128,611.459106,588.445190,565.570984,
777.553833,754.429138,731.294128,708.159668,685.026550,661.897156,638.779480,615.691650,592.671326,569.784607,
781.790771,758.666077,735.531067,712.396545,689.263367,666.133667,643.014954,619.924438,596.898071,573.999329,
786.027710,762.903015,739.768005,716.633423,693.500183,670.370178,647.250488,624.157471,601.125366,578.215149,
790.264648,767.139954,744.004944,720.870300,697.737000,674.606689,651.486145,628.390686,605.353149,582.432007,
794.501587,771.376892,748.241882,725.107178,701.973816,678.843262,655.721863,632.624146,609.581421,586.649841,
798.738525,775.613831,752.478821,729.344055,706.210632,683.079834,659.957642,636.857788,613.810181,590.868591,
802.975464,779.850769,756.715759,733.580933,710.447510,687.316467,664.193481,641.091614,618.039368,595.088257,
807.212402,784.087708,760.952698,737.817810,714.684387,691.553101,668.429382,645.325623,622.268982,599.308777,
811.449341,788.324646,765.189636,742.054688,718.921265,695.789734,672.665344,649.559814,626.498962,603.530090,
815.686279,792.561584,769.426575,746.291626,723.158142,700.026428,676.901367,653.794189,630.729309,607.752197,
819.923218,796.798523,773.663513,750.528564,727.395020,704.263123,681.137451,658.028687,634.960022,611.975037,
824.160156,801.035461,777.900452,754.765503,731.631897,708.499817,685.373596,662.263306,639.191101,616.198608,
828.397095,805.272400,782.137390,759.002441,735.868774,712.736511,689.609802,666.498108,643.422485,620.422852,
832.634033,809.509338,786.374329,763.239380,740.105652,716.973267,693.846069,670.733032,647.654175,624.647705,
836.870972,813.746277,790.611267,767.476318,744.342529,721.210022,698.082336,674.968079,651.886169,628.873169,
841.107910,817.983215,794.848206,771.713257,748.579407,725.446777,702.318665,679.203186,656.118408,633.099243,
845.344849,822.220154,799.085144,775.950195,752.816284,729.683533,706.555054,683.438416,660.350891,637.325867,
849.581787,826.457092,803.322083,780.187134,757.053162,733.920288,710.791443,687.673767,664.583618,641.553040,
853.818726,830.694031,807.559021,784.424072,761.290039,738.157104,715.027893,691.909180,668.816589,645.780701,
858.055664,834.930969,811.795959,788.661011,765.526917,742.393921,719.264343,696.144714,673.049805,650.008850,
862.292603,839.167908,816.032898,792.897949,769.763794,746.630737,723.500854,700.380310,677.283203,654.237427,
866.529541,843.404846,820.269836,797.134888,774.000671,750.867554,727.737366,704.616028,681.516785,658.466431,
870.766479,847.641785,824.506775,801.371826,778.237549,755.104370,731.973938,708.851807,685.750549,662.695862,
875.003418,851.878723,828.743713,805.608765,782.474426,759.341187,736.210510,713.087646,689.984497,666.925659,
879.240356,856.115662,832.980652,809.845703,786.711304,763.578003,740.447083,717.323547,694.218628,671.155823,
883.477295,860.352600,837.217590,814.082642,790.948181,767.814819,744.683716,721.559509,698.452942,675.386353,
887.714233,864.589539,841.454529,818.319580,795.185059,772.051636,748.920349,725.795532,702.687378,679.617249,
891.951172,868.826477,845.691467,822.556519,799.421936,776.288513,753.156982,730.031616,706.921936,683.848450,
896.188110,873.063416,849.928406,826.793457,803.658813,780.525391,757.393677,734.267761,711.156616,688.079956,
900.425049,877.300354,854.165344,831.030396,807.895691,784.762268,761.630371,738.503906,715.391479,692.311768,
904.661987,881.537292,858.402283,835.267334,812.132568,788.999146,765.867065,742.740112,719.626404,696.543823,
908.898926,885.774231,862.639221,839.504272,816.369446,793.236023,770.103760,746.976379,723.861450,700.776123,
913.135864,890.011169,866.876160,843.741211,820.606323,797.472900,774.340515,751.212708,728.096619,705.008667,
917.372803,894.248108,871.113098,847.978149,824.843262,801.709778,778.577271,755.449036,732.331909,709.241455,
921.609741,898.485046,875.350037,852.215088,829.080200,805.946655,782.814026,759.685425,736.567261,713.474487,
925.846680,902.721985,879.586975,856.452026,833.317139,810.183533,787.050781,763.921814,740.802734,717.707703,
930.083618,906.958923,883.823914,860.688965,837.554077,814.420410,791.287537,768.158264,745.038269,721.941101,
934.320557,911.195862,888.060852,864.925903,841.791016,818.657288,795.524292,772.394714,749.273865,726.174744,
938.557495,915.432800,892.297791,869.162842,846.027954,822.894165,799.761108,776.631226,753.509583,730.408508,
942.794434,919.669739,896.534729,873.399780,850.264893,827.131042,803.997925,780.867737,757.745361,734.642456,
947.031372,923.906677,900.771667,877.636719,854.501831,831.367920,808.234741,785.104309,761.981201,738.876587,
951.268311,928.143616,905.008606,881.873657,858.738770,835.604797,812.471558,789.340881,766.217102,743.110840,
955.505249,932.380554,909.245544,886.110596,862.975708,839.841675,816.708374,793.577454,770.453064,747.345276,
959.742188,936.617493,913.482483,890.347534,867.212646,844.078552,820.945190,797.814087,774.689087,751.579834,
963.979126,940.854431,917.719421,894.584473,871.449585,848.315430,825.182007,802.050720,778.925171,755.814514,
968.216064,945.091370,921.956360,898.821411,875.686523,852.552307,829.418823,806.287354,783.161316,760.049316,
972.453003,949.328308,926.193298,903.058350,879.923462,856.789185,833.655640,810.524048,787.397461,764.284241,
976.689941,953.565247,930.430237,907.295288,884.160400,861.026062,837.892517,814.760742,791.633667,768.519287,
980.926880,957.802185,934.667175,911.532227,888.397339,865.262939,842.129395,818.997437,795.869934,772.754456,
985.163818,962.039124,938.904114,915.769165,892.634277,869.499817,846.366272,823.234131,800.106201,776.989685,
989.400757,966.276062,943.141052,920.006104,896.871216,873.736694,850.603149,827.470825,804.342529,781.225037,
993.637695,970.513000,947.377991,924.243042,901.108154,877.973572,854.840027,831.707581,808.578918,785.460449,
997.874634,974.749939,951.614929,928.479980,905.345093,882.210449,859.076904,835.944336,812.815308,789.695984,
1002.111572,978.986877,955.851868,932.716919,909.582031,886.447327,863.313782,840.181091,817.051758,793.931580,
1006.348511,983.223816,960.088806,936.953857,913.818970,890.684204,867.550659,844.417847,821.288208,798.167236,
1010.585449,987.460754,964.325745,941.190796,918.055908,894.921082,871.787537,848.654602,825.524719,802.402954,
1014.822388,991.697693,968.562683,945.427734,922.292847,899.157959,876.024414,852.891418,829.761230,806.638733,
1019.059326,995.934631,972.799622,949.664673,926.529785,903.394836,880.261292,857.128235,833.997742,810.874573,
1023.296265,1000.171570,977.036560,953.901611,930.766724,907.631775,884.498169,861.365051,838.234314,815.110474,
1027.533203,1004.408508,981.273499,958.138550,935.003662,911.868713,888.735046,865.601868,842.470886,819.346436,
1031.770142,1008.645447,985.510437,962.375488,939.240601,916.105652,892.971924,869.838684,846.707458,823.582458,
1036.007080,1012.882385,989.747375,966.612427,943.477539,920.342590,897.208801,874.075500,850.944092,827.818542,
1040.244019,1017.119324,993.984314,970.849365,947.714478,924.579529,901.445679,878.312317,855.180725,832.054688,
1044.480957,1021.356262,998.221252,975.086304,951.951416,928.816467,905.682556,882.549133,859.417358,836.290894,
1048.717896,1025.593140,1002.458191,979.323242,956.188354,933.053406,909.919434,886.785950,863.654053,840.527100,
1052.954834,1029.830078,1006.695129,983.560181,960.425293,937.290344,914.156311,891.022766,867.890747,844.763367,
1057.191772,1034.067017,1010.932068,987.797119,964.662231,941.527283,918.393188,895.259644,872.127441,848.999634,
1061.428711,1038.303955,1015.169006,992.034058,968.899170,945.764221,922.630066,899.496521,876.364136,853.235962,
1065.665649,1042.540894,1019.405945,996.270996,973.136108,950.001160,926.866943,903.733398,880.600891,857.472351,
1069.902588,1046.777832,1023.642883,1000.507935,977.373047,954.238098,931.103821,907.970276,884.837646,861.708740,
1074.139526,1051.014771,1027.879761,1004.744873,981.609985,958.475037,935.340698,912.207153,889.074402,865.945190,
1078.376465,1055.251709,1032.116699,1008.981812,985.846924,962.711975,939.577576,916.444031,893.311157,870.181641,
1082.613403,1059.488647,1036.353638,1013.218750,990.083862,966.948914,943.814453,920.680908,897.547913,874.418152,
1086.850342,1063.725586,1040.590576,1017.455688,994.320801,971.185852,948.051331,924.917786,901.784668,878.654663,
1091.087280,1067.962524,1044.827515,1021.692627,998.557739,975.422791,952.288208,929.154663,906.021423,882.891174,
1095.324219,1072.199463,1049.064453,1025.929565,1002.794678,979.659729,956.525085,933.391541,910.258240,887.127747,
1099.561157,1076.436401,1053.301392,1030.166504,1007.031616,983.896667,960.761963,937.628418,914.495056,891.364319,
1103.798096,1080.673340,1057.538330,1034.403442,1011.268555,988.133606,964.998840,941.865295,918.731873,895.600891,
1108.035034,1084.910278,1061.775269,1038.640381,1015.505493,992.370544,969.235718,946.102173,922.968689,899.837524,
1112.271973,1089.147217,1066.012207,1042.877319,1019.742432,996.607483,973.472595,950.339050,927.205505,904.074158,
1116.508911,1093.384155,1070.249146,1047.114258,1023.979370,1000.844421,977.709473,954.575928,931.442322,908.310791,
1120.745850,1097.621094,1074.486084,1051.351196,1028.216309,1005.081360,981.946350,958.812805,935.679138,912.547485,
1124.982788,1101.858032,1078.723022,1055.588135,1032.453247,1009.318298,986.183228,963.049683,939.915955,916.784180,
1129.219727,1106.094971,1082.959961,1059.825073,1036.690186,1013.555237,990.420105,967.286560,944.152771,921.020874,
1133.456665,1110.331909,1087.196899,1064.062012,1040.927124,1017.792175,994.657043,971.523438,948.389648,925.257568,
1137.693604,1114.568848,1091.433838,1068.298950,1045.164063,1022.029114,998.893982,975.760315,952.626526,929.494263,
1141.930542,1118.805786,1095.670776,1072.535889,1049.401001,1026.265991,1003.130920,979.997192,956.863403,933.731018,
1146.167480,1123.042725,1099.907715,1076.772827,1053.637939,1030.502930,1007.367859,984.234070,961.100281,937.967773,
1150.404419,1127.279663,1104.144653,1081.009766,1057.874878,1034.739868,1011.604797,988.470947,965.337158,942.204529,
1154.641357,1131.516602,1108.381592,1085.246704,1062.111816,1038.976807,1015.841736,992.707825,969.574036,946.441284,
1158.878296,1135.753540,1112.618530,1089.483643,1066.348755,1043.213745,1020.078674,996.944702,973.810913,950.678040,
1163.115234,1139.990479,1116.855469,1093.720581,1070.585693,1047.450684,1024.315552,1001.181580,978.047791,954.914795,
1167.352173,1144.227417,1121.092407,1097.957520,1074.822632,1051.687622,1028.552490,1005.418457,982.284668,959.151611,
1171.589111,1148.464355,1125.329346,1102.194458,1079.059570,1055.924561,1032.789429,1009.655334,986.521545,963.388428,
1175.826050,1152.701294,1129.566284,1106.431396,1083.296509,1060.161499,1037.026367,1013.892212,990.758423,967.625244,
1180.062988,1156.938232,1133.803223,1110.668335,1087.533447,1064.398438,1041.263306,1018.129089,994.995300,971.862061,
1184.299927,1161.175171,1138.040161,1114.905273,1091.770386,1068.635376,1045.500244,1022.365967,999.232178,976.098877,
1188.536865,1165.412109,1142.277100,1119.142212,1096.007324,1072.872314,1049.737183,1026.602905,1003.469055,980.335693,
1192.773804,1169.649048,1146.514038,1123.379150,1100.244263,1077.109253,1053.974121,1030.839844,1007.705933,984.572510,
1197.010742,1173.885986,1150.750977,1127.616089,1104.481201,1081.346191,1058.211060,1035.076782,1011.942810,988.809326,
1201.247681,1178.122925,1154.987915,1131.853027,1108.718140,1085.583130,1062.447998,1039.313721,1016.179688,993.046143,
1205.484619,1182.359863,1159.224854,1136.089966,1112.955078,1089.820068,1066.684937,1043.550659,1020.416565,997.282959,
1209.721558,1186.596802,1163.461792,1140.326904,1117.192017,1094.057007,1070.921875,1047.787598,1024.653442,1001.519775,
1213.958496,1190.833740,1167.698730,1144.563843,1121.428955,1098.293945,1075.158813,1052.024536,1028.890381,1005.756653,
1218.195435,1195.070679,1171.935669,1148.800781,1125.665894,1102.530884,1079.395752,1056.261475,1033.127319,1009.993530,
1222.432373,1199.307617,1176.172607,1153.037720,1129.902832,1106.767822,1083.632690,1060.498413,1037.364258,1014.230408,
1226.669312,1203.544556,1180.409546,1157.274658,1134.139771,1111.004761,1087.869629,1064.735352,1041.601196,1018.467285,
1230.906250,1207.781494,1184.646484,1161.511597,1138.376709,1115.241699,1092.106567,1068.972290,1045.838135,1022.704163,
1235.143188,1212.018433,1188.883423,1165.748535,1142.613647,1119.478638,1096.343506,1073.209229,1050.075073,1026.941040,
1239.380127,1216.255371,1193.120361,1169.985474,1146.850586,1123.715576,1100.580444,1077.446167,1054.312012,1031.177856,
1243.617065,1220.492310,1197.357300,1174.222412,1151.087524,1127.952515,1104.817383,1081.683105,1058.548950,1035.414673,
1247.854004,1224.729248,1201.594238,1178.459351,1155.324463,1132.189453,1109.054321,1085.920044,1062.785889,1039.651489,
1252.090942,1228.966187,1205.831177,1182.696289,1159.561401,1136.426392,1113.291260,1090.156982,1067.022827,1043.888306,
1256.327881,1233.203125,1210.068115,1186.933228,1163.798340,1140.663330,1117.528198,1094.393921,1071.259766,1048.125244,
